id,first_name,last_name,email,phone_number
1,Maura,Wagstaffe,bbunyard0@photobucket.com,62955274205
2,Myrwyn,Eliet,joulet1@mac.com,+55 873 362 5952
3,Briney,Blakden,lclipsham2@nasa.gov,+30 389 434 5460
4,Denny,Furmagier,efogarty3@t.co,+963 944 396 2758
5,Flossie,Oade,cdack4@springer.com,+267 987 809 7422
6,Shanda,McIlenna,mmunning5@npr.org,+1 525 684 9130
7,Vernen,Currum,dmuggleton6@hexun.com,+7 617 528 7973
8,Enoch,Goublier,zrobertet7@vinaora.com,+86 140 485 3334
9,Lottie,Howie,kbeardsdale8@xing.com,+86 594 246 2825
10,Vivi,Anselm,nbowshire9@sina.com.cn,+30 514 735 9969
11,Merle,Conklin,dminneya@livejournal.com,+82 772 889 4438
12,Matthieu,Josey,cmcgillacoellb@miibeian.gov.cn,+265 231 778 4448
13,Corty,Orton,eportalc@adobe.com,+62 967 723 4936
14,Pauly,Kleinert,bpearsed@quantcast.com,+86 263 519 5929
15,Ban,Vearnals,tanneare@shareasale.com,+63 596 136 0673
16,Suzanna,Telfer,jsewleyf@ft.com,+351 327 846 3793
17,Allyn,Beaves,llansleyg@imageshack.us,+260 849 574 3040
18,Thaddeus,Valentelli,aifflandh@nydailynews.com,+33 545 863 5267
19,Ricky,Krinks,nreisini@webnode.com,+86 921 456 5981
20,Kori,Bainbrigge,ftremlettj@blinklist.com,+48 183 908 0751
21,Waylen,O'Cahsedy,mhumfreyk@flickr.com,+86 289 842 2095
22,Venus,Howen,mjentgensl@senate.gov,+86 766 439 7745
23,Horace,Huonic,lneachellm@webmd.com,+976 433 835 6745
24,Grady,Buckwell,mbelseyn@meetup.com,+51 993 778 6311
25,Rori,Pollak,jbunnello@meetup.com,+7 584 659 0468
26,Margaretta,Peppett,cvalleryp@barnesandnoble.com,+7 809 520 0264
27,Pierce,Bowgen,gblytheq@mit.edu,+86 466 249 9513
28,Shepperd,Tansey,fbatsfordr@homestead.com,+81 612 658 2997
29,Mirna,Lorroway,peynalds@acquirethisname.com,+51 129 527 7322
30,Matthieu,Grelka,csteanet@clickbank.net,+86 450 811 0997
31,Dulcia,Treat,tjansonu@123-reg.co.uk,+33 234 704 9351
32,Robinet,Martusov,frisbiev@rambler.ru,+33 233 786 6776
33,Karalee,Farris,fhumphersonw@is.gd,+7 946 485 8541
34,Hallsy,Willshire,jenticknapx@skype.com,+86 868 144 2521
35,Hewie,Fenich,memmotty@mediafire.com,+55 198 252 5953
36,Shauna,Walden,ogarnallz@gov.uk,+55 674 698 1714
37,Kassey,Musgrave,fartz10@parallels.com,+62 867 817 6155
38,Burnaby,Raistrick,pquigley11@storify.com,+254 693 390 9451
39,Errol,Goman,ekeppie12@umn.edu,+63 612 529 7220
40,Jania,Pleven,hmease13@xing.com,+54 673 962 5421
41,Matt,Harryman,zchristene14@ow.ly,+256 335 666 3100
42,Karl,Bulled,hcaldero15@chronoengine.com,+86 568 854 3678
43,Beverly,Gracewood,ablainey16@lycos.com,+1 713 144 3149
44,Donnell,Timmermann,gtoms17@ted.com,+86 543 667 8100
45,Towney,Orrill,ehutfield18@mtv.com,+86 665 833 0934
46,Ralph,Pirot,amonk19@webnode.com,+62 834 203 0990
47,Aldus,Sowerbutts,jmcgraith1a@hao123.com,+62 456 807 5971
48,Danna,Synder,mleere1b@amazon.co.uk,+93 310 839 7240
49,Janek,Aspinwall,larundel1c@newsvine.com,+52 665 894 2648
50,Desirae,Carine,mjosifovitz1d@sitemeter.com,+972 196 442 4985
51,Garnette,Presman,crichford1e@independent.co.uk,+86 897 640 0111
52,Madelena,Wonfar,cbignal1f@mac.com,+389 599 545 8257
53,Francoise,Whitecross,lmcwhan1g@jigsy.com,+58 989 256 7480
54,Carol,MacKellen,hgall1h@google.com.br,+1 334 647 8775
55,Marcelo,Le Gall,mberrill1i@gizmodo.com,+81 627 752 9296
56,Christie,Milella,sbalasini1j@phoca.cz,+7 742 761 9085
57,Elizabeth,de Werk,abroseke1k@csmonitor.com,+48 681 440 4910
58,Daryl,Vasyatkin,npitt1l@imdb.com,+58 841 182 0332
59,Vale,McElrea,ethomel1m@netlog.com,+62 612 486 9233
60,Wayland,Algate,cpuig1n@dropbox.com,+86 227 914 4422
61,Verney,Dominique,rburbank1o@feedburner.com,+55 733 980 7463
62,Virgilio,Allardyce,rfrangione1p@ask.com,+60 624 349 1350
63,Sib,Bonnin,kelsmore1q@umich.edu,+52 484 204 3031
64,Rochester,Faers,btaggett1r@foxnews.com,+48 591 764 3647
65,Zak,Hailston,cmackieson1s@so-net.ne.jp,+7 354 197 5759
66,Ezekiel,Thyer,fsnooks1t@miitbeian.gov.cn,+63 564 579 6568
67,Annice,Clarage,amordey1u@guardian.co.uk,+63 820 957 8657
68,Mauricio,Chattey,gtomaello1v@mashable.com,+1 651 428 6374
69,Yetta,Simester,vszantho1w@etsy.com,+7 335 962 4447
70,Sela,McEntegart,mstebbings1x@reuters.com,+358 338 962 5295
71,Annabel,Jedrachowicz,dtern1y@t-online.de,+62 611 173 7140
72,Mariejeanne,Guilloneau,pnorman1z@pagesperso-orange.fr,+92 811 409 4020
73,Prudence,Bartels-Ellis,nmilbank20@macromedia.com,+55 929 124 7344
74,Lettie,Noyce,ilemmertz21@wikipedia.org,+256 614 755 6666
75,Fabe,Teggart,gglowach22@ucoz.ru,+7 766 507 9492
76,Josey,Kenen,lduling23@elpais.com,+218 884 487 6918
77,Alfy,Atwel,cbony24@mayoclinic.com,+57 131 901 3804
78,Billie,Eastabrook,nschimpke25@github.com,+63 461 700 2511
79,Thebault,Labin,lcrighton26@nsw.gov.au,+244 437 848 3135
80,Marcile,Aberkirdo,otrayford27@ning.com,+48 444 248 3399
81,Yasmin,Richly,aabramovicz28@ovh.net,+86 740 330 8548
82,Flory,Follitt,fnormanell29@ustream.tv,+359 564 634 6629
83,Myrtia,Vaadeland,bmuglestone2a@wired.com,+977 491 118 0927
84,Rosemary,Fryatt,dmarshal2b@mac.com,+353 612 264 9288
85,Reamonn,Dearness,cbretton2c@vkontakte.ru,+62 917 827 9121
86,Annie,Le Teve,rhillaby2d@blinklist.com,+63 996 321 5969
87,Hagen,Cuerdall,rtitmarsh2e@ed.gov,+62 111 744 0631
88,Bonnee,Troker,rboulds2f@amazon.co.uk,+964 164 933 1639
89,Finlay,Ainger,tspyvye2g@discovery.com,+93 727 454 6927
90,Dulcinea,Beddie,bmatskevich2h@bizjournals.com,+62 773 563 2743
91,Tamarra,Sokell,drevans2i@marriott.com,+62 487 652 8044
92,Federica,Casper,tdeguise2j@is.gd,+7 287 368 6639
93,Lynnelle,MacKill,mbydaway2k@dell.com,+62 122 278 8441
94,Thorpe,Sallenger,mdowd2l@123-reg.co.uk,+51 973 321 0538
